source,rtos,app_guest,metric,log_file,run,expected,collected,missing,p50_ns,p95_ns,p99_ns,p99_9_ns,max_ns,mean_ns
qemu,rtthread,linux,timer_jitter,qemu/rtthread-linux/rtthread.log,1,10,10,0,592,32688,32688,32688,32688,7257
qemu,rtthread,linux,callback_exec,qemu/rtthread-linux/rtthread.log,1,10,10,0,128,144,144,144,144,132
qemu,rtthread,linux,timer_jitter,qemu/rtthread-linux/rtthread.log,2,10,10,0,6448,201664,201664,201664,201664,29478
qemu,rtthread,linux,callback_exec,qemu/rtthread-linux/rtthread.log,2,10,10,0,128,144,144,144,144,134
qemu,rtthread,linux,timer_jitter,qemu/rtthread-linux/rtthread.log,3,10,10,0,4896,244720,244720,244720,244720,52913
qemu,rtthread,linux,callback_exec,qemu/rtthread-linux/rtthread.log,3,10,10,0,128,144,144,144,144,131
qemu,rtthread,linux,preemption,qemu/rtthread-linux/rtthread.log,1,10,10,0,608,624,624,624,624,611
qemu,rtthread,linux,irq,qemu/rtthread-linux/rtthread.log,1,10,10,0,25312,25312,25312,25312,25312,25312
qemu,rtthread,linux,irq_to_task,qemu/rtthread-linux/rtthread.log,1,10,10,0,26912,26912,26912,26912,26912,26814
qemu,rtthread,linux,irq_disabled_duration,qemu/rtthread-linux/rtthread.log,1,10,10,0,416,416,416,416,416,416
qemu,rtthread,linux,mutex_inversion,qemu/rtthread-linux/rtthread.log,1,10,10,0,2816,2832,2832,2832,2832,2822
qemu,rtthread,linux,wake_under_load,qemu/rtthread-linux/rtthread.log,1,10,10,0,608,624,624,624,624,609
qemu,rtthread,linux,context_switch,qemu/rtthread-linux/rtthread.log,1,10,10,0,416,432,432,432,432,419
qemu,rtthread,linux,scheduler_decision,qemu/rtthread-linux/rtthread.log,1,10,10,0,128,128,128,128,128,124
qemu,rtthread,linux,sync_sem,qemu/rtthread-linux/rtthread.log,1,10,10,0,336,352,352,352,352,337
qemu,rtthread,linux,sync_mutex,qemu/rtthread-linux/rtthread.log,1,10,10,0,448,448,448,448,448,448
qemu,rtthread,linux,sync_mailbox,qemu/rtthread-linux/rtthread.log,1,10,10,0,368,368,368,368,368,363
qemu,rtthread,linux,irq_handler_exec,qemu/rtthread-linux/rtthread.log,1,10,10,0,16,32,32,32,32,17
qemu,rtthread,linux,deadline_miss_under_load,qemu/rtthread-linux/rtthread.log,1,10,10,0,16,97616,97616,97616,97616,19579
qemu,rtthread,linux,net_event_latency,qemu/rtthread-linux/rtthread.log,1,10,10,0,84096,359184,359184,359184,359184,137196
qemu,rtthread,starryos,timer_jitter,qemu/rtthread-starryos/rtthread.log,1,10,10,0,1760,493312,493312,493312,493312,99913
qemu,rtthread,starryos,callback_exec,qemu/rtthread-starryos/rtthread.log,1,10,10,0,128,144,144,144,144,136
qemu,rtthread,starryos,timer_jitter,qemu/rtthread-starryos/rtthread.log,2,10,10,0,6416,268336,268336,268336,268336,62526
qemu,rtthread,starryos,callback_exec,qemu/rtthread-starryos/rtthread.log,2,10,10,0,144,144,144,144,144,139
qemu,rtthread,starryos,timer_jitter,qemu/rtthread-starryos/rtthread.log,3,10,10,0,8768,83472,83472,83472,83472,27001
qemu,rtthread,starryos,callback_exec,qemu/rtthread-starryos/rtthread.log,3,10,10,0,128,144,144,144,144,134
qemu,rtthread,starryos,preemption,qemu/rtthread-starryos/rtthread.log,1,10,10,0,608,624,624,624,624,614
qemu,rtthread,starryos,irq,qemu/rtthread-starryos/rtthread.log,1,10,10,0,25312,38992,38992,38992,38992,26680
qemu,rtthread,starryos,irq_to_task,qemu/rtthread-starryos/rtthread.log,1,10,10,0,26912,45328,45328,45328,45328,28656
qemu,rtthread,starryos,irq_disabled_duration,qemu/rtthread-starryos/rtthread.log,1,10,10,0,416,416,416,416,416,416
qemu,rtthread,starryos,mutex_inversion,qemu/rtthread-starryos/rtthread.log,1,10,10,0,2816,2832,2832,2832,2832,2822
qemu,rtthread,starryos,wake_under_load,qemu/rtthread-starryos/rtthread.log,1,10,10,0,608,624,624,624,624,612
qemu,rtthread,starryos,context_switch,qemu/rtthread-starryos/rtthread.log,1,10,10,0,416,432,432,432,432,419
qemu,rtthread,starryos,scheduler_decision,qemu/rtthread-starryos/rtthread.log,1,10,10,0,128,128,128,128,128,124
qemu,rtthread,starryos,sync_sem,qemu/rtthread-starryos/rtthread.log,1,10,10,0,336,352,352,352,352,339
qemu,rtthread,starryos,sync_mutex,qemu/rtthread-starryos/rtthread.log,1,10,10,0,448,448,448,448,448,448
qemu,rtthread,starryos,sync_mailbox,qemu/rtthread-starryos/rtthread.log,1,10,10,0,368,368,368,368,368,363
qemu,rtthread,starryos,irq_handler_exec,qemu/rtthread-starryos/rtthread.log,1,10,10,0,32,32,32,32,32,27
qemu,rtthread,starryos,deadline_miss_under_load,qemu/rtthread-starryos/rtthread.log,1,10,10,0,0,873904,873904,873904,873904,133713
qemu,rtthread,starryos,net_event_latency,qemu/rtthread-starryos/rtthread.log,1,10,10,0,158528,639056,639056,639056,639056,281217
qemu,zephyr,linux,timer_jitter,qemu/zephyr-linux/zephyr.log,1,10,10,0,647584,1295168,1295168,1295168,1434736,662548
qemu,zephyr,linux,callback_exec,qemu/zephyr-linux/zephyr.log,1,10,10,0,16,32,32,32,32,19
qemu,zephyr,linux,preemption,qemu/zephyr-linux/zephyr.log,1,10,10,0,80,96,96,96,96,83
qemu,zephyr,linux,irq,qemu/zephyr-linux/zephyr.log,1,10,10,0,32,32,32,32,32,30
qemu,zephyr,linux,irq_to_task,qemu/zephyr-linux/zephyr.log,1,10,10,0,80,96,96,96,96,83
qemu,zephyr,linux,irq_disabled_duration,qemu/zephyr-linux/zephyr.log,1,10,10,0,32,32,32,32,32,28
qemu,zephyr,linux,mutex_inversion,qemu/zephyr-linux/zephyr.log,1,10,10,0,96,96,96,96,96,96
qemu,zephyr,linux,wake_under_load,qemu/zephyr-linux/zephyr.log,1,10,10,0,80,80,80,80,96,81
qemu,zephyr,linux,context_switch,qemu/zephyr-linux/zephyr.log,1,10,10,0,80,96,96,96,96,83
qemu,zephyr,linux,scheduler_decision,qemu/zephyr-linux/zephyr.log,1,10,10,0,80,96,96,96,96,86
qemu,zephyr,linux,sync_sem,qemu/zephyr-linux/zephyr.log,1,10,10,0,80,80,80,80,80,80
qemu,zephyr,linux,sync_mutex,qemu/zephyr-linux/zephyr.log,1,10,10,0,96,96,96,96,96,96
qemu,zephyr,linux,sync_mailbox,qemu/zephyr-linux/zephyr.log,1,10,10,0,192,192,192,192,192,188
qemu,zephyr,linux,irq_handler_exec,qemu/zephyr-linux/zephyr.log,1,10,10,0,832,832,832,832,832,825
qemu,zephyr,linux,deadline_miss_under_load,qemu/zephyr-linux/zephyr.log,1,10,10,0,95968,174672,174672,174672,203632,116238
qemu,zephyr,linux,net_event_latency,qemu/zephyr-linux/zephyr.log,1,10,10,0,118640,1098816,1098816,1098816,3559776,561192
qemu,zephyr,starryos,timer_jitter,qemu/zephyr-starryos/zephyr.log,1,10,10,0,398352,797104,797104,797104,899536,450260
qemu,zephyr,starryos,callback_exec,qemu/zephyr-starryos/zephyr.log,1,10,10,0,16,16,16,16,16,16
qemu,zephyr,starryos,preemption,qemu/zephyr-starryos/zephyr.log,1,10,10,0,80,96,96,96,96,86
qemu,zephyr,starryos,irq,qemu/zephyr-starryos/zephyr.log,1,10,10,0,32,32,32,32,32,28
qemu,zephyr,starryos,irq_to_task,qemu/zephyr-starryos/zephyr.log,1,10,10,0,80,96,96,96,96,83
qemu,zephyr,starryos,irq_disabled_duration,qemu/zephyr-starryos/zephyr.log,1,10,10,0,32,32,32,32,32,28
qemu,zephyr,starryos,mutex_inversion,qemu/zephyr-starryos/zephyr.log,1,10,10,0,80,80,80,80,80,80
qemu,zephyr,starryos,wake_under_load,qemu/zephyr-starryos/zephyr.log,1,10,10,0,80,80,80,80,96,81
qemu,zephyr,starryos,context_switch,qemu/zephyr-starryos/zephyr.log,1,10,10,0,80,96,96,96,96,83
qemu,zephyr,starryos,scheduler_decision,qemu/zephyr-starryos/zephyr.log,1,10,10,0,80,96,96,96,96,86
qemu,zephyr,starryos,sync_sem,qemu/zephyr-starryos/zephyr.log,1,10,10,0,80,96,96,96,96,83
qemu,zephyr,starryos,sync_mutex,qemu/zephyr-starryos/zephyr.log,1,10,10,0,96,96,96,96,96,96
qemu,zephyr,starryos,sync_mailbox,qemu/zephyr-starryos/zephyr.log,1,10,10,0,192,192,192,192,192,187
qemu,zephyr,starryos,irq_handler_exec,qemu/zephyr-starryos/zephyr.log,1,10,10,0,816,832,832,832,832,824
qemu,zephyr,starryos,deadline_miss_under_load,qemu/zephyr-starryos/zephyr.log,1,10,10,0,97744,116240,116240,116240,116432,100702
qemu,zephyr,starryos,net_event_latency,qemu/zephyr-starryos/zephyr.log,1,10,10,0,118640,122000,122000,122000,301408,137508
rock4d,rtthread,linux,callback_exec,rock4d/fixed-task123-rock4d-rtthread-linux.log,1,10,10,0,291,291,291,291,291,291
rock4d,rtthread,linux,timer_jitter,rock4d/fixed-task123-rock4d-rtthread-linux.log,2,10,10,0,750,13833,13833,13833,13833,3270
rock4d,rtthread,linux,callback_exec,rock4d/fixed-task123-rock4d-rtthread-linux.log,2,10,10,0,291,583,583,583,583,291
rock4d,rtthread,linux,timer_jitter,rock4d/fixed-task123-rock4d-rtthread-linux.log,3,10,10,0,750,14708,14708,14708,14708,3383
rock4d,rtthread,linux,preemption,rock4d/fixed-task123-rock4d-rtthread-linux.log,1,10,10,0,2333,2333,2333,2333,2333,2303
rock4d,rtthread,linux,irq,rock4d/fixed-task123-rock4d-rtthread-linux.log,1,10,10,0,101791,103250,103250,103250,103250,101995
rock4d,rtthread,linux,mutex_inversion,rock4d/fixed-task123-rock4d-rtthread-linux.log,1,10,10,0,8166,9041,9041,9041,9041,8311
rock4d,rtthread,linux,wake_under_load,rock4d/fixed-task123-rock4d-rtthread-linux.log,1,10,10,0,1458,1750,1750,1750,1750,1604
rock4d,rtthread,linux,context_switch,rock4d/fixed-task123-rock4d-rtthread-linux.log,1,10,10,0,9998041,10000375,10000375,10000375,10000375,9995008
rock4d,rtthread,linux,scheduler_decision,rock4d/fixed-task123-rock4d-rtthread-linux.log,1,10,10,0,583,583,583,583,583,583
rock4d,rtthread,linux,sync_mutex,rock4d/fixed-task123-rock4d-rtthread-linux.log,1,10,10,0,2041,2333,2333,2333,2333,2099
rock4d,rtthread,linux,sync_mailbox,rock4d/fixed-task123-rock4d-rtthread-linux.log,1,10,10,0,1166,1458,1458,1458,1458,1224
rock4d,rtthread,linux,irq_handler_exec,rock4d/fixed-task123-rock4d-rtthread-linux.log,1,10,10,0,0,291,291,291,291,87
rock4d,rtthread,linux,deadline_miss_under_load,rock4d/fixed-task123-rock4d-rtthread-linux.log,1,10,10,0,750,23458,23458,23458,23458,5258
rock4d,rtthread,linux,net_event_latency,rock4d/fixed-task123-rock4d-rtthread-linux.log,1,10,10,0,177333,549791,549791,549791,549791,269558
rock4d,rtthread,linux,timer_jitter,rock4d/retry-rtthread-linux-s2.log,1,10,10,0,1875,28750,28750,28750,28750,9950
rock4d,rtthread,linux,callback_exec,rock4d/retry-rtthread-linux-s2.log,1,10,10,0,291,291,291,291,291,291
rock4d,rtthread,linux,timer_jitter,rock4d/retry-rtthread-linux-s2.log,3,10,10,0,1000,28125,28125,28125,28125,9541
rock4d,rtthread,linux,callback_exec,rock4d/retry-rtthread-linux-s2.log,3,10,10,0,291,583,583,583,583,320
rock4d,rtthread,linux,preemption,rock4d/retry-rtthread-linux-s2.log,1,10,10,0,2333,2625,2625,2625,2625,2274
rock4d,rtthread,linux,irq,rock4d/retry-rtthread-linux-s2.log,1,10,10,0,102083,102958,102958,102958,102958,102258
rock4d,rtthread,linux,irq_to_task,rock4d/retry-rtthread-linux-s2.log,1,10,10,0,195125,397833,397833,397833,397833,235549
rock4d,rtthread,linux,irq_disabled_duration,rock4d/retry-rtthread-linux-s2.log,1,10,10,0,875,1166,1166,1166,1166,1020
rock4d,rtthread,linux,mutex_inversion,rock4d/retry-rtthread-linux-s2.log,1,10,10,0,8166,9041,9041,9041,9041,8282
rock4d,rtthread,linux,wake_under_load,rock4d/retry-rtthread-linux-s2.log,1,10,10,0,1458,1750,1750,50,1750,1604
rock4d,rtthread,linux,wake_under_load,rock4d/retry-rtthread-linux-s2.log,1,10,10,0,1458,1750,1750,1750,1750,1604
rock4d,rtthread,linux,context_switch,rock4d/retry-rtthread-linux-s2.log,1,10,10,0,9998625,11000500,11000500,11000500,11000500,10095108
rock4d,rtthread,linux,scheduler_decision,rock4d/retry-rtthread-linux-s2.log,1,10,10,0,583,875,875,875,875,612
rock4d,rtthread,linux,sync_sem,rock4d/retry-rtthread-linux-s2.log,1,10,10,0,1458,1750,1750,1750,1750,1516
rock4d,rtthread,linux,sync_mutex,rock4d/retry-rtthread-linux-s2.log,1,10,10,0,2041,2333,2333,2333,2333,2128
rock4d,rtthread,linux,sync_mailbox,rock4d/retry-rtthread-linux-s2.log,1,10,10,0,1166,1458,1458,1458,1458,1253
rock4d,rtthread,linux,deadline_miss_under_load,rock4d/retry-rtthread-linux-s2.log,1,10,10,0,1625,29334,29334,29334,29334,10266
rock4d,rtthread,linux,net_event_latency,rock4d/retry-rtthread-linux-s2.log,1,10,10,0,179666,550958,550958,550958,550958,272241
rock4d,rtthread,starryos,timer_jitter,rock4d/fixed-task123-rock4d-rtthread-starryos.log,1,10,10,0,708,29334,29334,29334,29334,6412
rock4d,rtthread,starryos,callback_exec,rock4d/fixed-task123-rock4d-rtthread-starryos.log,1,10,10,0,291,291,291,291,291,291
rock4d,rtthread,starryos,timer_jitter,rock4d/fixed-task123-rock4d-rtthread-starryos.log,2,10,10,0,708,28459,28459,28459,28459,6270
rock4d,rtthread,starryos,callback_exec,rock4d/fixed-task123-rock4d-rtthread-starryos.log,2,10,10,0,291,583,583,583,583,320
rock4d,rtthread,starryos,timer_jitter,rock4d/fixed-task123-rock4d-rtthread-starryos.log,3,10,10,0,708,29334,29334,29334,29334,6237
rock4d,rtthread,starryos,irq,rock4d/fixed-task123-rock4d-rtthread-starryos.log,1,10,10,0,102083,112583,112583,112583,112583,103045
rock4d,rtthread,starryos,irq_to_task,rock4d/fixed-task123-rock4d-rtthread-starryos.log,1,10,10,0,195416,410666,410666,410666,410666,240332
rock4d,rtthread,starryos,irq_disabled_duration,rock4d/fixed-task123-rock4d-rtthread-starryos.log,1,10,10,0,1166,1166,1166,1166,1166,1107
rock4d,rtthread,starryos,mutex_inversion,rock4d/fixed-task123-rock4d-rtthread-starryos.log,1,10,10,0,8166,8750,8750,8750,8750,8166
rock4d,rtthread,starryos,context_switch,rock4d/fixed-task123-rock4d-rtthread-starryos.log,1,10,10,0,9998625,10008833,10008833,10008833,10008833,9994629
rock4d,rtthread,starryos,scheduler_decision,rock4d/fixed-task123-rock4d-rtthread-starryos.log,1,10,10,0,583,875,875,875,875,612
rock4d,rtthread,starryos,sync_sem,rock4d/fixed-task123-rock4d-rtthread-starryos.log,1,10,10,0,1458,1750,1750,1750,1750,1545
rock4d,rtthread,starryos,sync_mailbox,rock4d/fixed-task123-rock4d-rtthread-starryos.log,1,10,10,0,1166,1750,1750,1750,1750,1224
rock4d,rtthread,starryos,irq_handler_exec,rock4d/fixed-task123-rock4d-rtthread-starryos.log,1,10,10,0,0,291,291,291,291,87
rock4d,rtthread,starryos,deadline_miss_under_load,rock4d/fixed-task123-rock4d-rtthread-starryos.log,1,10,10,0,750,29917,29917,29917,29917,6654
rock4d,rtthread,starryos,net_event_latency,rock4d/fixed-task123-rock4d-rtthread-starryos.log,1,10,10,0,179083,407750,407750,407750,407750,222628
rock4d,rtthread,starryos,timer_jitter,rock4d/retry-rtthread-starryos-s2.log,1,10,10,0,708,2209,2209,2209,2209,904
rock4d,rtthread,starryos,callback_exec,rock4d/retry-rtthread-starryos-s2.log,1,10,10,0,291,291,291,291,291,291
rock4d,rtthread,starryos,callback_exec,rock4d/retry-rtthread-starryos-s2.log,2,10,10,0,291,583,583,583,583,320
rock4d,rtthread,starryos,timer_jitter,rock4d/retry-rtthread-starryos-s2.log,3,10,10,0,416,1625,1625,1625,1625,579
rock4d,rtthread,starryos,preemption,rock4d/retry-rtthread-starryos-s2.log,1,10,10,0,2333,2333,2333,2333,2333,2245
rock4d,rtthread,starryos,irq,rock4d/retry-rtthread-starryos-s2.log,1,10,10,0,113750,116083,116083,116083,116083,114128
rock4d,rtthread,starryos,irq_to_task,rock4d/retry-rtthread-starryos-s2.log,1,10,10,0,195708,416791,416791,416791,416791,240682
rock4d,rtthread,starryos,irq_disabled_duration,rock4d/retry-rtthread-starryos-s2.log,1,10,10,0,1166,1166,1166,1166,1166,1107
rock4d,rtthread,starryos,mutex_inversion,rock4d/retry-rtthread-starryos-s2.log,1,10,10,0,8166,9041,9041,9041,9041,8253
rock4d,rtthread,starryos,wake_under_load,rock4d/retry-rtthread-starryos-s2.log,1,10,10,0,1458,1750,1750,1750,1750,1604
rock4d,rtthread,starryos,context_switch,rock4d/retry-rtthread-starryos-s2.log,1,10,10,0,9998333,9999208,9999208,9999208,9999208,9994716
rock4d,rtthread,starryos,scheduler_decision,rock4d/retry-rtthread-starryos-s2.log,1,10,10,0,583,583,583,583,583,583
rock4d,rtthread,starryos,sync_sem,rock4d/retry-rtthread-starryos-s2.log,1,10,10,0,1458,1750,1750,1750,1750,1516
rock4d,rtthread,starryos,sync_mutex,rock4d/retry-rtthread-starryos-s2.log,1,10,10,0,2041,2333,2333,2333,2333,2157
rock4d,rtthread,starryos,sync_mailbox,rock4d/retry-rtthread-starryos-s2.log,1,10,10,0,1166,1750,1750,1750,1750,1282
rock4d,rtthread,starryos,irq_handler_exec,rock4d/retry-rtthread-starryos-s2.log,1,10,10,0,0,291,291,291,291,87
rock4d,rtthread,starryos,deadline_miss_under_load,rock4d/retry-rtthread-starryos-s2.log,1,10,10,0,750,1334,1334,1334,1334,875
rock4d,rtthread,starryos,net_event_latency,rock4d/retry-rtthread-starryos-s2.log,1,10,10,0,180541,378583,378583,378583,378583,199178
rock4d,rtthread,starryos,timer_jitter,rock4d/retry-rtthread-starryos-s3.log,1,10,10,0,459,6584,6584,6584,6584,1900
rock4d,rtthread,starryos,callback_exec,rock4d/retry-rtthread-starryos-s3.log,1,10,10,0,291,291,291,291,291,291
rock4d,rtthread,starryos,timer_jitter,rock4d/retry-rtthread-starryos-s3.log,2,10,10,0,1000,8291,8291,829,8291,2720
rock4d,rtthread,starryos,timer_jitter,rock4d/retry-rtthread-starryos-s3.log,2,10,10,0,1000,8291,8291,8291,8291,2720
rock4d,rtthread,starryos,timer_jitter,rock4d/retry-rtthread-starryos-s3.log,3,10,10,0,459,8875,8875,8875,8875,2104
rock4d,rtthread,starryos,callback_exec,rock4d/retry-rtthread-starryos-s3.log,3,10,10,0,291,291,291,291,291,261
rock4d,rtthread,starryos,preemption,rock4d/retry-rtthread-starryos-s3.log,1,10,10,0,2041,2333,2333,2333,2333,2187
rock4d,rtthread,starryos,irq,rock4d/retry-rtthread-starryos-s3.log,1,10,10,0,101791,102375,102375,102375,102375,101820
rock4d,rtthread,starryos,irq_to_task,rock4d/retry-rtthread-starryos-s3.log,1,10,10,0,194833,441583,441583,441583,441583,239808
rock4d,rtthread,starryos,irq_disabled_duration,rock4d/retry-rtthread-starryos-s3.log,1,10,10,0,1166,1166,1166,1166,1166,1078
rock4d,rtthread,starryos,wake_under_load,rock4d/retry-rtthread-starryos-s3.log,1,10,10,0,1750,1750,1750,1750,1750,1633
rock4d,rtthread,starryos,context_switch,rock4d/retry-rtthread-starryos-s3.log,1,10,10,0,9998333,9998625,9998625,9998625,9998625,9994629
rock4d,rtthread,starryos,scheduler_decision,rock4d/retry-rtthread-starryos-s3.log,1,10,10,0,583,875,875,875,875,612
rock4d,rtthread,starryos,sync_sem,rock4d/retry-rtthread-starryos-s3.log,1,10,10,0,1458,2041,2041,2041,2041,1545
rock4d,rtthread,starryos,sync_mutex,rock4d/retry-rtthread-starryos-s3.log,1,10,10,0,2041,2333,2333,2333,2333,2128
rock4d,rtthread,starryos,irq_handler_exec,rock4d/retry-rtthread-starryos-s3.log,1,10,10,0,0,291,291,291,291,87
rock4d,rtthread,starryos,deadline_miss_under_load,rock4d/retry-rtthread-starryos-s3.log,1,10,10,0,750,8000,8000,8000,8000,2046
rock4d,rtthread,starryos,net_event_latency,rock4d/retry-rtthread-starryos-s3.log,1,10,10,0,347666,431666,431666,431666,431666,337195
rock4d,zephyr,linux,timer_jitter,rock4d/fixed-task123-rock4d-zephyr-linux.log,1,10,10,0,1041750,2084375,2084375,2084375,2343208,1171020
rock4d,zephyr,linux,callback_exec,rock4d/fixed-task123-rock4d-zephyr-linux.log,1,10,10,0,291,291,291,291,291,174
rock4d,zephyr,linux,callback_exec,rock4d/fixed-task123-rock4d-zephyr-linux.log,1,10,10,0,291,291,291,291,291,174
rock4d,zephyr,linux,irq,rock4d/fixed-task123-rock4d-zephyr-linux.log,1,10,10,0,291,291,291,291,583,262
rock4d,zephyr,linux,irq,rock4d/fixed-task123-rock4d-zephyr-linux.log,1,10,10,0,291,291,291,291,583,262
rock4d,zephyr,linux,irq_to_task,rock4d/fixed-task123-rock4d-zephyr-linux.log,1,10,10,0,583,583,583,583,875,612
rock4d,zephyr,linux,irq_disabled_duration,rock4d/fixed-task123-rock4d-zephyr-linux.log,1,10,10,0,291,291,291,291,291,291
rock4d,zephyr,linux,mutex_inversion,rock4d/fixed-task123-rock4d-zephyr-linux.log,1,10,10,0,583,583,583,583,583,583
rock4d,zephyr,linux,wake_under_load,rock4d/fixed-task123-rock4d-zephyr-linux.log,1,10,10,0,583,583,583,583,875,583
rock4d,zephyr,linux,context_switch,rock4d/fixed-task123-rock4d-zephyr-linux.log,1,10,10,0,291,291,291,291,583,320
rock4d,zephyr,linux,scheduler_decision,rock4d/fixed-task123-rock4d-zephyr-linux.log,1,10,10,0,291,291,291,291,291,291
rock4d,zephyr,linux,scheduler_decision,rock4d/fixed-task123-rock4d-zephyr-linux.log,1,10,10,0,291,291,291,291,291,291
rock4d,zephyr,linux,sync_sem,rock4d/fixed-task123-rock4d-zephyr-linux.log,1,10,10,0,583,583,583,583,875,612
rock4d,zephyr,linux,sync_sem,rock4d/fixed-task123-rock4d-zephyr-linux.log,1,10,10,0,583,583,583,583,875,612
rock4d,zephyr,linux,sync_mutex,rock4d/fixed-task123-rock4d-zephyr-linux.log,1,10,10,0,291,583,583,583,583,349
rock4d,zephyr,linux,sync_mailbox,rock4d/fixed-task123-rock4d-zephyr-linux.log,1,10,10,0,583,875,875,875,1166,758
rock4d,zephyr,linux,deadline_miss_under_load,rock4d/fixed-task123-rock4d-zephyr-linux.log,1,10,10,0,251416,285541,285541,285541,295166,261857
rock4d,zephyr,linux,deadline_miss_under_load,rock4d/fixed-task123-rock4d-zephyr-linux.log,1,10,10,0,251416,285541,285541,285541,295166,261857
rock4d,zephyr,linux,net_event_latency,rock4d/fixed-task123-rock4d-zephyr-linux.log,1,10,10,0,329291,343291,343291,343291,716333,370124
rock4d,zephyr,linux,net_event_latency,rock4d/fixed-task123-rock4d-zephyr-linux.log,1,10,10,0,329291,343291,343291,343291,716333,370124
rock4d,zephyr,linux,timer_jitter,rock4d/retry-zephyr-linux-s2.log,1,10,10,0,1038625,2081625,2081625,2081625,2343541,1169728
rock4d,zephyr,linux,callback_exec,rock4d/retry-zephyr-linux-s2.log,1,10,10,0,0,0,0,0,0,0
rock4d,zephyr,linux,preemption,rock4d/retry-zephyr-linux-s2.log,1,10,10,0,291,583,583,583,583,349
rock4d,zephyr,linux,irq,rock4d/retry-zephyr-linux-s2.log,1,10,10,0,291,291,291,291,291,291
rock4d,zephyr,linux,irq_to_task,rock4d/retry-zephyr-linux-s2.log,1,10,10,0,583,583,583,583,875,583
rock4d,zephyr,linux,irq_to_task,rock4d/retry-zephyr-linux-s2.log,1,10,10,0,583,583,583,583,875,583
rock4d,zephyr,linux,irq_disabled_duration,rock4d/retry-zephyr-linux-s2.log,1,10,10,0,291,291,291,291,291,291
rock4d,zephyr,linux,mutex_inversion,rock4d/retry-zephyr-linux-s2.log,1,10,10,0,583,583,583,583,583,466
rock4d,zephyr,linux,wake_under_load,rock4d/retry-zephyr-linux-s2.log,1,10,10,0,583,583,583,583,875,612
rock4d,zephyr,linux,context_switch,rock4d/retry-zephyr-linux-s2.log,1,10,10,0,291,583,583,583,583,349
rock4d,zephyr,linux,scheduler_decision,rock4d/retry-zephyr-linux-s2.log,1,10,10,0,291,291,291,291,291,291
rock4d,zephyr,linux,scheduler_decision,rock4d/retry-zephyr-linux-s2.log,1,10,10,0,291,291,291,291,291,291
rock4d,zephyr,linux,sync_sem,rock4d/retry-zephyr-linux-s2.log,1,10,10,0,583,583,583,583,875,612
rock4d,zephyr,linux,sync_mutex,rock4d/retry-zephyr-linux-s2.log,1,10,10,0,291,291,291,291,[VM,320
rock4d,zephyr,linux,sync_mutex,rock4d/retry-zephyr-linux-s2.log,1,10,10,0,291,291,291,291,583,320
rock4d,zephyr,linux,sync_mailbox,rock4d/retry-zephyr-linux-s2.log,1,10,10,0,583,875,875,875,1166,728
rock4d,zephyr,linux,irq_handler_exec,rock4d/retry-zephyr-linux-s2.log,1,10,10,0,3208,3208,3208,3208,5541,3441
rock4d,zephyr,linux,deadline_miss_under_load,rock4d/retry-zephyr-linux-s2.log,1,10,10,0,237125,292541,292541,292541,292541,260428
rock4d,zephyr,linux,net_event_latency,rock4d/retry-zephyr-linux-s2.log,1,10,10,0,334250,727125,727125,727125,829500,421166
rock4d,zephyr,starryos,timer_jitter,rock4d/fixed-task123-rock4d-zephyr-starryos.log,1,10,10,0,1040166,2081500,2081500,2081500,2343291,1172024
rock4d,zephyr,starryos,callback_exec,rock4d/fixed-task123-rock4d-zephyr-starryos.log,1,10,10,0,0,291,291,291,291,116
rock4d,zephyr,starryos,callback_exec,rock4d/fixed-task123-rock4d-zephyr-starryos.log,1,10,10,0,0,291,291,291,291,116
rock4d,zephyr,starryos,preemption,rock4d/fixed-task123-rock4d-zephyr-starryos.log,1,10,10,0,291,291,291,291,583,320
rock4d,zephyr,starryos,irq,rock4d/fixed-task123-rock4d-zephyr-starryos.log,1,10,10,0,291,291,291,291,583,232
rock4d,zephyr,starryos,irq_to_task,rock4d/fixed-task123-rock4d-zephyr-starryos.log,1,10,10,0,583,583,583,583,875,583
rock4d,zephyr,starryos,irq_disabled_duration,rock4d/fixed-task123-rock4d-zephyr-starryos.log,1,10,10,0,291,291,291,291,291,203
rock4d,zephyr,starryos,irq_disabled_duration,rock4d/fixed-task123-rock4d-zephyr-starryos.log,1,10,10,0,291,291,291,291,291,203
rock4d,zephyr,starryos,mutex_inversion,rock4d/fixed-task123-rock4d-zephyr-starryos.log,1,10,10,0,583,583,583,583,1166,641
rock4d,zephyr,starryos,wake_under_load,rock4d/fixed-task123-rock4d-zephyr-starryos.log,1,10,10,0,583,583,583,583,875,612
rock4d,zephyr,starryos,context_switch,rock4d/fixed-task123-rock4d-zephyr-starryos.log,1,10,10,0,291,583,583,583,583,349
rock4d,zephyr,starryos,scheduler_decision,rock4d/fixed-task123-rock4d-zephyr-starryos.log,1,10,10,0,291,291,291,291,583,320
rock4d,zephyr,starryos,sync_sem,rock4d/fixed-task123-rock4d-zephyr-starryos.log,1,10,10,0,583,583,583,583,875,612
rock4d,zephyr,starryos,sync_mutex,rock4d/fixed-task123-rock4d-zephyr-starryos.log,1,10,10,0,583,583,583,583,583,583
rock4d,zephyr,starryos,irq_handler_exec,rock4d/fixed-task123-rock4d-zephyr-starryos.log,1,10,10,0,3208,3208,3208,3208,5541,3441
rock4d,zephyr,starryos,deadline_miss_under_load,rock4d/fixed-task123-rock4d-zephyr-starryos.log,1,10,10,0,238291,284958,284958,284958,287291,258299
rock4d,zephyr,starryos,net_event_latency,rock4d/fixed-task123-rock4d-zephyr-starryos.log,1,10,10,0,339208,733833,733833,733833,1210708,463137
rock4d,zephyr,starryos,timer_jitter,rock4d/retry-zephyr-starryos-s2.log,1,10,10,0,1038666,2083166,2083166,2083166,2343416,1171562
rock4d,zephyr,starryos,callback_exec,rock4d/retry-zephyr-starryos-s2.log,1,10,10,0,0,291,291,291,291,87
rock4d,zephyr,starryos,callback_exec,rock4d/retry-zephyr-starryos-s2.log,1,10,10,0,0,291,291,291,291,87
rock4d,zephyr,starryos,preemption,rock4d/retry-zephyr-starryos-s2.log,1,10,10,0,291,291,291,291,583,320
rock4d,zephyr,starryos,irq_disabled_duration,rock4d/retry-zephyr-starryos-s2.log,1,10,10,0,291,291,291,583,291,291
rock4d,zephyr,starryos,irq_disabled_duration,rock4d/retry-zephyr-starryos-s2.log,1,10,10,0,291,291,291,291,291,291
rock4d,zephyr,starryos,mutex_inversion,rock4d/retry-zephyr-starryos-s2.log,1,10,10,0,291,583,583,583,1166,407
rock4d,zephyr,starryos,wake_under_load,rock4d/retry-zephyr-starryos-s2.log,1,10,10,0,583,583,583,583,1166,641
rock4d,zephyr,starryos,context_switch,rock4d/retry-zephyr-starryos-s2.log,1,10,10,0,291,291,291,291,583,320
rock4d,zephyr,starryos,context_switch,rock4d/retry-zephyr-starryos-s2.log,1,10,10,0,291,291,291,291,583,320
rock4d,zephyr,starryos,scheduler_decision,rock4d/retry-zephyr-starryos-s2.log,1,10,10,0,291,291,291,291,291,291
rock4d,zephyr,starryos,sync_sem,rock4d/retry-zephyr-starryos-s2.log,1,10,10,0,583,583,583,583,875,583
rock4d,zephyr,starryos,sync_mutex,rock4d/retry-zephyr-starryos-s2.log,1,10,10,0,291,583,583,583,875,466
rock4d,zephyr,starryos,irq_handler_exec,rock4d/retry-zephyr-starryos-s2.log,1,10,10,0,3208,3208,3208,3208,5541,3441
rock4d,zephyr,starryos,deadline_miss_under_load,rock4d/retry-zephyr-starryos-s2.log,1,10,10,0,233333,284958,284958,284958,290791,257978
rock4d,zephyr,starryos,net_event_latency,rock4d/retry-zephyr-starryos-s2.log,1,10,10,0,334541,736458,736458,736458,1019083,443128
rock4d,zephyr,starryos,timer_jitter,rock4d/retry-zephyr-starryos-s3.log,1,10,10,0,1039583,2081500,2081500,2081500,2343583,1171849
rock4d,zephyr,starryos,callback_exec,rock4d/retry-zephyr-starryos-s3.log,1,10,10,0,0,0,0,0,291,29
rock4d,zephyr,starryos,preemption,rock4d/retry-zephyr-starryos-s3.log,1,10,10,0,291,583,583,583,583,349
rock4d,zephyr,starryos,irq,rock4d/retry-zephyr-starryos-s3.log,1,10,10,0,291,291,291,291,583,262
rock4d,zephyr,starryos,irq_to_task,rock4d/retry-zephyr-starryos-s3.log,1,10,10,0,583,583,583,583,875,612
rock4d,zephyr,starryos,mutex_inversion,rock4d/retry-zephyr-starryos-s3.log,1,10,10,0,583,583,583,583,875,612
rock4d,zephyr,starryos,mutex_inversion,rock4d/retry-zephyr-starryos-s3.log,1,10,10,0,583,583,583,583,875,612
rock4d,zephyr,starryos,wake_under_load,rock4d/retry-zephyr-starryos-s3.log,1,10,10,0,583,583,583,583,875,612
rock4d,zephyr,starryos,context_switch,rock4d/retry-zephyr-starryos-s3.log,1,10,10,0,291,291,291,291,583,320
rock4d,zephyr,starryos,scheduler_decision,rock4d/retry-zephyr-starryos-s3.log,1,10,10,0,291,291,291,291,291,291
rock4d,zephyr,starryos,scheduler_decision,rock4d/retry-zephyr-starryos-s3.log,1,10,10,0,291,291,291,2,291,291
rock4d,zephyr,starryos,scheduler_decision,rock4d/retry-zephyr-starryos-s3.log,1,10,10,0,291,291,291,291,291,291
rock4d,zephyr,starryos,sync_sem,rock4d/retry-zephyr-starryos-s3.log,1,10,10,0,583,583,583,583,875,583
rock4d,zephyr,starryos,sync_mutex,rock4d/retry-zephyr-starryos-s3.log,1,10,10,0,583,583,583,583,875,612
rock4d,zephyr,starryos,sync_mailbox,rock4d/retry-zephyr-starryos-s3.log,1,10,10,0,583,583,583,583,1458,670
rock4d,zephyr,starryos,sync_mailbox,rock4d/retry-zephyr-starryos-s3.log,1,10,10,0,583,583,583,583,1458,670
rock4d,zephyr,starryos,deadline_miss_under_load,rock4d/retry-zephyr-starryos-s3.log,1,10,10,0,232750,284958,284958,284958,290791,258533
rock4d,zephyr,starryos,net_event_latency,rock4d/retry-zephyr-starryos-s3.log,1,10,10,0,333375,356708,356708,356708,1309583,432541
